{"stats":{"minecraft:dropped":{"minecraft:wheat_seeds":1},"minecraft:picked_up":{"minecraft:birch_log":31,"minecraft:crafting_table":2,"minecraft:spider_eye":2,"minecraft:dirt":1,"minecraft:wheat_seeds":1,"minecraft:black_wool":1,"minecraft:mutton":9,"minecraft:white_wool":3,"minecraft:cobblestone":106,"minecraft:furnace":1},"minecraft:custom":{"minecraft:time_since_rest":20219,"minecraft:interact_with_furnace":6,"minecraft:sprint_one_cm":9836,"minecraft:damage_taken":166,"minecraft:walk_one_cm":62919,"minecraft:mob_kills":5,"minecraft:drop":1,"minecraft:damage_dealt":628,"minecraft:interact_with_crafting_table":13,"minecraft:fly_one_cm":10644,"minecraft:crouch_one_cm":323,"minecraft:play_time":20219,"minecraft:sneak_time":82,"minecraft:jump":328,"minecraft:leave_game":3,"minecraft:time_since_death":20219,"minecraft:total_world_time":20219,"minecraft:fall_one_cm":4282},"minecraft:crafted":{"vanillaplustools:stone_hammer":1,"minecraft:crafting_table":2,"minecraft:stick":24,"comforts:sleeping_bag_white":1,"minecraft:wooden_pickaxe":1,"minecraft:stone_pickaxe":10,"minecraft:furnace":1,"minecraft:birch_planks":48,"minecraft:stone_axe":1,"minecraft:air":0,"minecraft:cooked_mutton":6},"minecraft:killed":{"minecraft:sheep":4,"minecraft:spider":1},"minecraft:used":{"minecraft:cooked_mutton":2,"minecraft:stone_pickaxe":34,"minecraft:wooden_pickaxe":11,"vanillaplustools:stone_hammer":7,"minecraft:stone_axe":23,"minecraft:crafting_table":2,"minecraft:furnace":2},"minecraft:mined":{"minecraft:furnace":1,"minecraft:birch_log":31,"minecraft:birch_leaves":1,"minecraft:crafting_table":2,"minecraft:grass":7,"minecraft:grass_block":1,"minecraft:stone":98}},"DataVersion":3465}