{"stats":{"minecraft:dropped":{"minecraft:wheat_seeds":1,"minecraft:birch_sapling":1,"vanillaplustools:stone_hammer":1,"minecraft:spider_eye":1},"minecraft:picked_up":{"minecraft:birch_log":31,"chococraft:loverly_gysahl_green":3,"minecraft:crafting_table":2,"chococraft:gysahl_green_seeds":20,"minecraft:spider_eye":2,"minecraft:dirt":1,"chococraft:gysahl_green":51,"minecraft:wheat_seeds":1,"vanillaplustools:stone_hammer":1,"minecraft:sugar_cane":8,"minecraft:coal":19,"minecraft:black_wool":1,"minecraft:birch_sapling":1,"minecraft:mutton":9,"minecraft:white_wool":3,"minecraft:cobblestone":116,"minecraft:furnace":2},"minecraft:custom":{"minecraft:time_since_rest":29026,"minecraft:interact_with_furnace":6,"minecraft:sprint_one_cm":38827,"minecraft:damage_taken":186,"minecraft:walk_one_cm":80942,"minecraft:mob_kills":5,"minecraft:drop":4,"minecraft:damage_dealt":628,"minecraft:swim_one_cm":3089,"minecraft:interact_with_crafting_table":13,"minecraft:fly_one_cm":42182,"minecraft:open_chest":1,"minecraft:crouch_one_cm":837,"minecraft:play_time":29026,"minecraft:sneak_time":408,"minecraft:walk_under_water_one_cm":176,"minecraft:jump":493,"minecraft:leave_game":3,"minecraft:walk_on_water_one_cm":439,"minecraft:time_since_death":29026,"minecraft:climb_one_cm":95,"minecraft:total_world_time":29026,"minecraft:fall_one_cm":8175},"minecraft:crafted":{"vanillaplustools:stone_hammer":1,"minecraft:crafting_table":2,"minecraft:stick":24,"comforts:sleeping_bag_white":1,"minecraft:wooden_pickaxe":1,"minecraft:stone_pickaxe":10,"minecraft:furnace":1,"minecraft:birch_planks":48,"minecraft:stone_axe":1,"minecraft:cooked_mutton":6,"minecraft:air":0},"minecraft:killed":{"minecraft:sheep":4,"minecraft:spider":1},"minecraft:used":{"minecraft:cooked_mutton":3,"minecraft:stone_pickaxe":35,"minecraft:wooden_pickaxe":11,"vanillaplustools:stone_hammer":11,"minecraft:stone_axe":23,"minecraft:cobblestone":21,"minecraft:crafting_table":2,"minecraft:furnace":2},"minecraft:mined":{"minecraft:furnace":2,"minecraft:birch_log":31,"minecraft:birch_leaves":2,"minecraft:crafting_table":2,"minecraft:grass":9,"chococraft:gysahl_green":20,"minecraft:grass_block":1,"minecraft:coal_ore":19,"minecraft:stone":107,"minecraft:sugar_cane":3}},"DataVersion":3465}