{"stats":{"minecraft:picked_up":{"minecraft:birch_log":12,"minecraft:crafting_table":1,"minecraft:black_wool":1,"minecraft:mutton":8,"minecraft:white_wool":3},"minecraft:custom":{"minecraft:time_since_rest":10646,"minecraft:crouch_one_cm":197,"minecraft:play_time":10646,"minecraft:sprint_one_cm":8213,"minecraft:damage_taken":30,"minecraft:walk_one_cm":26828,"minecraft:sneak_time":32,"minecraft:mob_kills":4,"minecraft:jump":184,"minecraft:damage_dealt":320,"minecraft:leave_game":2,"minecraft:time_since_death":10646,"minecraft:total_world_time":10646,"minecraft:interact_with_crafting_table":1,"minecraft:fall_one_cm":2819,"minecraft:fly_one_cm":9806},"minecraft:crafted":{"minecraft:birch_planks":28,"minecraft:crafting_table":1,"comforts:sleeping_bag_white":1},"minecraft:killed":{"minecraft:sheep":4},"minecraft:used":{"minecraft:crafting_table":1},"minecraft:mined":{"minecraft:grass":4,"minecraft:birch_log":12,"minecraft:birch_leaves":1,"minecraft:crafting_table":1}},"DataVersion":3465}