{"stats":{"minecraft:dropped":{"minecraft:wheat_seeds":1,"minecraft:birch_sapling":1,"vanillaplustools:stone_hammer":1,"minecraft:spider_eye":1},"minecraft:picked_up":{"minecraft:raw_iron":8,"minecraft:birch_log":31,"chococraft:loverly_gysahl_green":4,"minecraft:crafting_table":2,"minecraft:feather":1,"minecraft:chicken":2,"chococraft:gysahl_green_seeds":27,"minecraft:diorite":1,"minecraft:spider_eye":2,"minecraft:dirt":1,"minecraft:arrow":2,"minecraft:bone":2,"minecraft:rotten_flesh":2,"chococraft:gysahl_green":69,"minecraft:wheat_seeds":1,"minecraft:beef":1,"vanillaplustools:stone_hammer":1,"minecraft:sugar_cane":8,"minecraft:coal":40,"minecraft:black_wool":1,"minecraft:birch_sapling":1,"minecraft:mutton":13,"minecraft:white_wool":6,"minecraft:cobblestone":149,"minecraft:furnace":2},"minecraft:custom":{"minecraft:time_since_rest":37879,"minecraft:interact_with_furnace":6,"minecraft:sprint_one_cm":74146,"minecraft:damage_taken":316,"minecraft:walk_one_cm":103850,"minecraft:mob_kills":13,"minecraft:drop":4,"minecraft:damage_dealt":1448,"minecraft:swim_one_cm":7548,"minecraft:interact_with_crafting_table":13,"minecraft:fly_one_cm":85999,"minecraft:open_chest":2,"minecraft:crouch_one_cm":3598,"minecraft:play_time":37879,"minecraft:sneak_time":894,"minecraft:walk_under_water_one_cm":403,"minecraft:jump":778,"minecraft:leave_game":4,"minecraft:walk_on_water_one_cm":735,"minecraft:time_since_death":37879,"minecraft:climb_one_cm":648,"minecraft:total_world_time":37879,"minecraft:fall_one_cm":15176},"minecraft:crafted":{"vanillaplustools:stone_hammer":1,"minecraft:crafting_table":2,"minecraft:stick":24,"comforts:sleeping_bag_white":1,"minecraft:wooden_pickaxe":1,"minecraft:stone_pickaxe":10,"minecraft:furnace":1,"minecraft:birch_planks":48,"minecraft:stone_axe":1,"minecraft:cooked_mutton":6,"minecraft:air":0},"minecraft:killed":{"minecraft:skeleton":1,"minecraft:sheep":7,"minecraft:zombie":1,"minecraft:chicken":2,"minecraft:spider":1,"minecraft:cow":1},"minecraft:used":{"minecraft:cooked_mutton":7,"minecraft:stone_pickaxe":38,"minecraft:wooden_pickaxe":11,"vanillaplustools:stone_hammer":18,"minecraft:stone_axe":36,"minecraft:cobblestone":58,"minecraft:crafting_table":2,"minecraft:furnace":2,"chococraft:gysahl_green":2},"minecraft:mined":{"minecraft:furnace":2,"minecraft:iron_ore":8,"minecraft:birch_log":31,"minecraft:birch_leaves":2,"minecraft:crafting_table":2,"minecraft:grass":12,"chococraft:gysahl_green":27,"minecraft:grass_block":1,"minecraft:coal_ore":40,"minecraft:diorite":1,"minecraft:stone":140,"minecraft:oak_leaves":3,"minecraft:sugar_cane":3}},"DataVersion":3465}