{"stats":{"minecraft:crafted":{"vanillaplustools:stone_hammer":1,"minecraft:crafting_table":2,"comforts:sleeping_bag_white":1,"minecraft:wooden_pickaxe":1,"minecraft:furnace":1,"minecraft:birch_planks":48,"minecraft:stone_axe":1,"minecraft:cooked_mutton":6,"minecraft:air":0,"minecraft:stick":24,"minecraft:stone_pickaxe":10,"minecraft:chest":2},"minecraft:custom":{"minecraft:interact_with_furnace":6,"minecraft:mob_kills":19,"minecraft:interact_with_crafting_table":16,"minecraft:leave_game":8,"minecraft:time_since_death":52438,"minecraft:climb_one_cm":746,"minecraft:time_since_rest":52438,"minecraft:sprint_one_cm":81102,"minecraft:damage_taken":431,"minecraft:walk_one_cm":134565,"minecraft:drop":8,"minecraft:damage_dealt":2632,"minecraft:swim_one_cm":8238,"minecraft:fly_one_cm":95238,"minecraft:open_chest":10,"minecraft:crouch_one_cm":4983,"minecraft:play_time":52438,"minecraft:sneak_time":1585,"minecraft:walk_under_water_one_cm":624,"minecraft:jump":864,"minecraft:walk_on_water_one_cm":914,"minecraft:total_world_time":52438,"minecraft:fall_one_cm":17843},"minecraft:killed":{"minecraft:spider":1,"minecraft:creeper":1,"minecraft:sheep":7,"minecraft:skeleton":1,"minecraft:zombie":6,"minecraft:chicken":2,"minecraft:cow":1},"minecraft:mined":{"minecraft:crafting_table":2,"minecraft:granite":31,"minecraft:grass_block":3,"minecraft:cobblestone":5,"minecraft:sugar_cane":3,"minecraft:diorite":40,"minecraft:furnace":2,"minecraft:birch_log":31,"minecraft:iron_ore":8,"minecraft:andesite":80,"minecraft:birch_leaves":2,"minecraft:grass":12,"chococraft:gysahl_green":27,"minecraft:coal_ore":50,"minecraft:deepslate_iron_ore":5,"minecraft:dirt":7,"minecraft:stone":520,"minecraft:oak_leaves":4,"minecraft:deepslate":201},"minecraft:picked_up":{"minecraft:birch_log":31,"chococraft:loverly_gysahl_green":4,"minecraft:crafting_table":2,"minecraft:feather":1,"minecraft:chicken":2,"minecraft:andesite":66,"minecraft:dirt":10,"minecraft:bone":2,"chococraft:gysahl_green":69,"minecraft:wheat_seeds":1,"minecraft:cobbled_deepslate":184,"minecraft:beef":1,"minecraft:sugar_cane":8,"minecraft:birch_sapling":1,"minecraft:furnace":2,"minecraft:raw_iron":13,"chococraft:gysahl_green_seeds":27,"minecraft:diorite":36,"minecraft:spider_eye":2,"minecraft:arrow":2,"minecraft:rotten_flesh":21,"minecraft:granite":29,"vanillaplustools:stone_hammer":1,"minecraft:oak_sapling":1,"minecraft:mutton":13,"minecraft:black_wool":1,"minecraft:coal":50,"minecraft:white_wool":6,"minecraft:cobblestone":584},"minecraft:used":{"minecraft:cooked_mutton":7,"minecraft:stone_pickaxe":45,"minecraft:chest":2,"minecraft:wooden_pickaxe":11,"vanillaplustools:stone_hammer":105,"minecraft:crafting_table":4,"minecraft:stone_axe":54,"minecraft:cobblestone":77,"minecraft:furnace":2,"chococraft:gysahl_green":6},"minecraft:dropped":{"minecraft:wheat_seeds":1,"minecraft:birch_sapling":1,"minecraft:cobblestone":64,"minecraft:rotten_flesh":11,"minecraft:andesite":1,"vanillaplustools:stone_hammer":1,"minecraft:spider_eye":1,"minecraft:black_wool":1}},"DataVersion":3465}