{"stats":{"minecraft:broken":{"vanillaplustools:stone_hammer":1},"minecraft:crafted":{"vanillaplustools:stone_hammer":2,"minecraft:crafting_table":1,"minecraft:wooden_pickaxe":2,"minecraft:birch_planks":16,"minecraft:stone_axe":1,"minecraft:stick":60,"minecraft:stone_pickaxe":21,"minecraft:stone_sword":1,"minecraft:chest":1,"minecraft:acacia_planks":36,"minecraft:torch":48},"minecraft:custom":{"minecraft:interact_with_furnace":5,"minecraft:mob_kills":4,"minecraft:interact_with_crafting_table":17,"minecraft:leave_game":2,"minecraft:time_since_death":51646,"minecraft:time_since_rest":51669,"minecraft:sprint_one_cm":55763,"minecraft:damage_taken":515,"minecraft:walk_one_cm":153285,"minecraft:drop":553,"minecraft:damage_dealt":1376,"minecraft:swim_one_cm":27627,"minecraft:fly_one_cm":55185,"minecraft:player_kills":1,"minecraft:open_chest":9,"minecraft:crouch_one_cm":3935,"minecraft:play_time":63357,"minecraft:deaths":1,"minecraft:sneak_time":1503,"minecraft:walk_under_water_one_cm":25211,"minecraft:jump":742,"minecraft:walk_on_water_one_cm":34173,"minecraft:total_world_time":63357,"minecraft:fall_one_cm":11501},"minecraft:killed":{"minecraft:creeper":2,"minecraft:silverfish":2},"minecraft:picked_up":{"minecraft:birch_log":72,"minecraft:crafting_table":4,"minecraft:coarse_dirt":3,"minecraft:andesite":15,"gobber2:gobber2_gooey_beefstew":3,"minecraft:wooden_pickaxe":3,"minecraft:birch_planks":2,"minecraft:flint":1,"minecraft:tuff":136,"minecraft:lapis_lazuli":55,"minecraft:string":1,"minecraft:dirt":8,"minecraft:cooked_salmon":2,"minecraft:acacia_planks":8,"gobber2:gobber2_gooey_beef":3,"minecraft:wheat_seeds":2,"minecraft:cobbled_deepslate":1450,"minecraft:raw_gold":8,"minecraft:spruce_planks":7,"minecraft:iron_ingot":11,"minecraft:stone_pickaxe":4,"minecraft:iron_pickaxe":1,"minecraft:chest":2,"minecraft:birch_sapling":2,"gobber2:gobber2_gooey_bread":3,"minecraft:furnace":1,"minecraft:stick":9,"minecraft:raw_iron":13,"minecraft:torch":11,"minecraft:acacia_log":19,"minecraft:gravel":15,"minecraft:diorite":10,"minecraft:redstone":75,"gobber2:gobber2_foo":2,"minecraft:diamond":6,"minecraft:stone_axe":4,"evilcraft:dark_gem":50,"vanillaplustools:stone_hammer":1,"minecraft:emerald":1,"minecraft:coal":36,"gobber2:gobber2_goo":7,"minecraft:cobblestone":1553},"minecraft:mined":{"minecraft:infested_deepslate":2,"minecraft:deepslate_redstone_ore":18,"minecraft:tuff":142,"minecraft:deepslate_diamond_ore":6,"minecraft:crafting_table":3,"minecraft:acacia_log":8,"minecraft:emerald_ore":1,"minecraft:chest":2,"gobber2:gobber2_lucky_block":14,"minecraft:cobblestone":78,"minecraft:deepslate_gold_ore":8,"minecraft:diorite":31,"minecraft:wall_torch":5,"minecraft:seagrass":7,"minecraft:tall_seagrass":7,"minecraft:coarse_dirt":2,"evilcraft:dark_ore_deepslate":5,"minecraft:birch_log":20,"minecraft:iron_ore":3,"minecraft:cobbled_deepslate":10,"minecraft:andesite":9,"evilcraft:dark_ore":3,"gobber2:gobber2_lucky_block_deepslate":4,"minecraft:grass":7,"minecraft:coal_ore":16,"minecraft:deepslate_iron_ore":10,"minecraft:gravel":13,"minecraft:stone":176,"minecraft:deepslate":1728},"minecraft:killed_by":{"minecraft:skeleton":1},"minecraft:used":{"minecraft:stone_pickaxe":34,"gobber2:gobber2_gooey_bread":3,"minecraft:chest":3,"minecraft:wooden_pickaxe":3,"vanillaplustools:stone_hammer":258,"minecraft:torch":37,"minecraft:dirt":4,"minecraft:crafting_table":5,"minecraft:iron_pickaxe":81,"minecraft:stone_axe":41,"minecraft:cobblestone":268,"minecraft:furnace":1,"minecraft:coarse_dirt":3,"minecraft:cobbled_deepslate":16},"minecraft:dropped":{"minecraft:stone_axe":2,"minecraft:wheat_seeds":1,"minecraft:cobblestone":770,"minecraft:stick":7,"minecraft:flint":1,"minecraft:dirt":4,"minecraft:cooked_salmon":1,"minecraft:stone_pickaxe":1}},"DataVersion":3465}