{"stats":{"minecraft:broken":{"vanillaplustools:stone_hammer":1,"minecraft:stone_axe":1},"minecraft:crafted":{"minecraft:cherry_planks":200,"minecraft:oak_planks":16,"minecraft:coal":198,"minecraft:stone_shovel":9,"vanillaplustools:stone_hammer":1,"minecraft:pink_bed":1,"minecraft:furnace":1,"minecraft:bone_meal":9,"minecraft:pink_dye":2,"minecraft:lantern":2,"minecraft:cherry_stairs":4,"minecraft:stone_pickaxe":10,"minecraft:chest":4,"vanillaplustools:stone_shovel":1,"minecraft:stone_hoe":1,"minecraft:cooked_beef":37,"minecraft:red_dye":1,"ironchest:gold_chest":1,"minecraft:crafting_table":3,"minecraft:wooden_pickaxe":1,"minecraft:iron_sword":1,"minecraft:stone_axe":1,"minecraft:air":0,"minecraft:oak_boat":1,"minecraft:diamond_pickaxe":1,"minecraft:white_dye":1,"minecraft:stick":64,"minecraft:iron_shovel":1,"minecraft:cherry_door":3,"minecraft:iron_leggings":1,"minecraft:white_bed":1,"minecraft:acacia_planks":36,"minecraft:torch":72,"minecraft:shears":1,"ironchest:iron_chest":1},"minecraft:custom":{"minecraft:mob_kills":74,"minecraft:animals_bred":1,"minecraft:interact_with_crafting_table":27,"minecraft:open_barrel":3,"minecraft:bell_ring":2,"minecraft:damage_dealt_resisted":354,"minecraft:leave_game":2,"minecraft:time_since_death":97303,"minecraft:climb_one_cm":1188,"minecraft:sprint_one_cm":249553,"minecraft:walk_one_cm":205143,"minecraft:drop":12,"minecraft:play_time":97303,"minecraft:sneak_time":978,"minecraft:walk_under_water_one_cm":10253,"minecraft:jump":2125,"minecraft:interact_with_blast_furnace":1,"minecraft:walk_on_water_one_cm":5362,"minecraft:total_world_time":97303,"minecraft:interact_with_furnace":17,"minecraft:sleep_in_bed":2,"minecraft:time_since_rest":34446,"minecraft:waystone_activated":1,"minecraft:damage_taken":1286,"minecraft:damage_dealt":10993,"minecraft:swim_one_cm":95442,"minecraft:fly_one_cm":554533,"minecraft:player_kills":1,"minecraft:open_chest":88,"minecraft:crouch_one_cm":1202,"minecraft:fall_one_cm":122743},"minecraft:killed":{"minecraft:spider":10,"minecraft:skeleton":8,"minecraft:chicken":4,"minecraft:pig":4,"minecraft:creeper":1,"minecraft:sheep":7,"minecraft:zombie":8,"minecraft:enderman":3,"minecraft:cow":29},"minecraft:mined":{"minecraft:tuff":86,"minecraft:deepslate_diamond_ore":2,"minecraft:pink_bed":1,"minecraft:cherry_log":74,"minecraft:acacia_log":9,"minecraft:grass_block":271,"minecraft:coal_block":43,"minecraft:redstone_ore":5,"minecraft:magma_block":1,"minecraft:furnace":2,"minecraft:iron_ore":20,"minecraft:cobbled_deepslate":1,"evilcraft:dark_ore":4,"minecraft:deepslate_lapis_ore":11,"chococraft:gysahl_green":23,"minecraft:deepslate_iron_ore":21,"minecraft:lantern":3,"minecraft:stone":415,"minecraft:cherry_stairs":4,"minecraft:acacia_leaves":2,"minecraft:cherry_planks":5,"minecraft:amethyst_cluster":2,"minecraft:basalt":21,"minecraft:crafting_table":4,"minecraft:torch":1,"minecraft:blast_furnace":1,"minecraft:poppy":1,"minecraft:chest":2,"minecraft:copper_ore":4,"minecraft:cobblestone":10,"minecraft:tall_grass":4,"minecraft:deepslate_gold_ore":15,"minecraft:lapis_ore":2,"minecraft:sugar_cane":4,"minecraft:sculk":13,"minecraft:diorite":21,"minecraft:dark_oak_slab":1,"evilcraft:dark_ore_deepslate":10,"minecraft:birch_log":2,"minecraft:wheat":2,"minecraft:birch_leaves":1,"minecraft:cherry_door":1,"minecraft:grass":53,"minecraft:coal_ore":17,"minecraft:oak_log":4,"minecraft:cherry_leaves":12,"minecraft:sand":3,"minecraft:sunflower":3,"minecraft:gravel":27,"minecraft:dirt":157,"minecraft:deepslate":487,"minecraft:oak_leaves":3},"minecraft:picked_up":{"chococraft:loverly_gysahl_green":1,"minecraft:crafting_table":4,"minecraft:wheat":2,"minecraft:chicken":4,"minecraft:wooden_pickaxe":1,"minecraft:pink_wool":11,"evilcraft:ender_tear":1,"minecraft:string":8,"minecraft:raw_copper":14,"minecraft:cobbled_deepslate":455,"minecraft:beef":127,"minecraft:oak_boat":4,"minecraft:poppy":1,"minecraft:sugar_cane":12,"minecraft:coal_block":43,"minecraft:chest":2,"minecraft:furnace":3,"minecraft:raw_iron":41,"minecraft:stick":4,"minecraft:cherry_stairs":4,"minecraft:torch":4,"minecraft:acacia_log":9,"minecraft:porkchop":6,"minecraft:golden_axe":2,"minecraft:cherry_log":69,"minecraft:diorite":21,"minecraft:redstone":24,"minecraft:arrow":18,"minecraft:rotten_flesh":5,"minecraft:mutton":10,"minecraft:obsidian":2,"minecraft:white_wool":12,"minecraft:cobblestone":426,"minecraft:birch_log":2,"minecraft:magma_block":1,"minecraft:cooked_beef":13,"minecraft:feather":3,"minecraft:basalt":30,"minecraft:cherry_planks":10,"minecraft:leather":30,"minecraft:flint":5,"minecraft:tuff":79,"minecraft:oak_log":4,"minecraft:lapis_lazuli":81,"minecraft:cherry_door":4,"minecraft:dirt":461,"minecraft:lantern":3,"minecraft:name_tag":2,"minecraft:bone":6,"chococraft:gysahl_green":58,"chococraft:gold_gysahl":2,"minecraft:wheat_seeds":17,"minecraft:raw_gold":15,"minecraft:stone_pickaxe":1,"minecraft:bamboo":7,"minecraft:pink_bed":1,"minecraft:dark_oak_slab":3,"minecraft:gravel":22,"minecraft:sand":4,"minecraft:amethyst_shard":8,"minecraft:blast_furnace":1,"chococraft:gysahl_green_seeds":21,"sophisticatedbackpacks:iron_backpack":1,"minecraft:grass_block":1,"minecraft:spider_eye":2,"minecraft:diamond":2,"evilcraft:dark_gem":66,"minecraft:cherry_sapling":3,"minecraft:golden_apple":2,"minecraft:black_wool":2,"minecraft:coal":37,"minecraft:ender_pearl":3,"minecraft:sunflower":4},"minecraft:used":{"minecraft:cherry_sapling":3,"minecraft:iron_shovel":156,"minecraft:chest":5,"minecraft:iron_sword":73,"vanillaplustools:stone_hammer":129,"minecraft:stone_hoe":14,"minecraft:torch":74,"minecraft:dirt":141,"minecraft:lantern":5,"minecraft:iron_axe":143,"minecraft:pink_wool":6,"minecraft:basalt":10,"minecraft:furnace":3,"ironchest:gold_chest":1,"minecraft:cooked_beef":20,"minecraft:cobbled_deepslate":35,"minecraft:iron_leggings":1,"minecraft:wheat_seeds":2,"minecraft:diorite":2,"minecraft:stone_pickaxe":33,"minecraft:wooden_pickaxe":10,"minecraft:cherry_planks":148,"minecraft:crafting_table":7,"vanillaplustools:stone_shovel":45,"minecraft:white_bed":1,"minecraft:diamond_pickaxe":133,"minecraft:cherry_door":3,"minecraft:map":1,"minecraft:stone_axe":74,"minecraft:pink_bed":2,"minecraft:cobblestone":33,"minecraft:cherry_stairs":5,"minecraft:birch_log":2,"minecraft:oak_boat":2,"minecraft:bone_meal":8},"minecraft:dropped":{"minecraft:cooked_beef":6,"minecraft:ender_pearl":1,"minecraft:dark_oak_slab":1,"minecraft:golden_axe":1,"minecraft:golden_apple":1,"minecraft:name_tag":1,"minecraft:filled_map":2,"minecraft:oak_boat":1,"minecraft:arrow":4,"minecraft:beef":34}},"DataVersion":3465}