{"stats":{"minecraft:killed_by":{"minecraft:player":2},"minecraft:picked_up":{"minecraft:wheat_seeds":1,"minecraft:acacia_log":3},"minecraft:custom":{"minecraft:open_chest":4,"minecraft:time_since_rest":120,"minecraft:play_time":7885,"minecraft:sprint_one_cm":5877,"minecraft:walk_one_cm":9096,"minecraft:damage_taken":537,"minecraft:deaths":2,"minecraft:sneak_time":8,"minecraft:walk_under_water_one_cm":2417,"minecraft:jump":76,"minecraft:damage_dealt":80,"minecraft:leave_game":1,"minecraft:time_since_death":97,"minecraft:walk_on_water_one_cm":3589,"minecraft:total_world_time":7885,"minecraft:swim_one_cm":3354,"minecraft:interact_with_crafting_table":3,"minecraft:fall_one_cm":1060,"minecraft:fly_one_cm":8865},"minecraft:crafted":{"minecraft:chest":1,"minecraft:acacia_planks":12},"minecraft:used":{"minecraft:chest":1},"minecraft:mined":{"minecraft:acacia_log":3}},"DataVersion":3465}