{"stats":{"minecraft:dropped":{"vanillaplustools:stone_hammer":1},"minecraft:picked_up":{"minecraft:birch_log":18,"chococraft:loverly_gysahl_green":14,"minecraft:coarse_dirt":5,"minecraft:stick":2,"minecraft:crafting_table":1,"minecraft:pumpkin":5,"minecraft:leather":2,"chococraft:gysahl_green_seeds":77,"minecraft:diorite":59,"minecraft:dirt":3,"minecraft:dark_oak_log":4,"minecraft:bone":1,"minecraft:rotten_flesh":1,"chococraft:gysahl_green":211,"chococraft:gold_gysahl":3,"vanillaplustools:stone_hammer":1,"minecraft:cobblestone":29},"minecraft:custom":{"minecraft:time_since_rest":15624,"minecraft:sprint_one_cm":48424,"minecraft:damage_taken":599,"minecraft:walk_one_cm":49471,"minecraft:mob_kills":5,"minecraft:drop":1,"minecraft:damage_dealt":1443,"minecraft:swim_one_cm":1349,"minecraft:fly_one_cm":69977,"minecraft:interact_with_crafting_table":1,"minecraft:player_kills":2,"minecraft:crouch_one_cm":735,"minecraft:play_time":23519,"minecraft:deaths":1,"minecraft:sneak_time":465,"minecraft:walk_under_water_one_cm":1154,"minecraft:jump":479,"minecraft:walk_on_water_one_cm":740,"minecraft:leave_game":4,"minecraft:time_since_death":14280,"minecraft:total_world_time":23519,"minecraft:fall_one_cm":15990},"minecraft:crafted":{"minecraft:crafting_table":1,"minecraft:stick":4,"minecraft:birch_planks":28,"minecraft:stone_axe":1},"minecraft:killed":{"minecraft:skeleton":1,"minecraft:zombie":2,"minecraft:llama":1},"minecraft:used":{"vanillaplustools:stone_hammer":18,"minecraft:stone_axe":117,"minecraft:dirt":2,"minecraft:crafting_table":1,"chococraft:gysahl_green":24},"minecraft:mined":{"minecraft:birch_log":18,"minecraft:dark_oak_log":1,"minecraft:pumpkin":5,"minecraft:crafting_table":1,"minecraft:grass":10,"chococraft:gysahl_green":83,"minecraft:grass_block":2,"minecraft:dirt":2,"minecraft:stone":33,"minecraft:diorite":69},"minecraft:killed_by":{"minecraft:zombie":1}},"DataVersion":3465}