{"stats":{"minecraft:picked_up":{"minecraft:coarse_dirt":5,"minecraft:dark_oak_log":4,"minecraft:dirt":2},"minecraft:custom":{"minecraft:jump":99,"minecraft:time_since_rest":2256,"minecraft:damage_taken":235,"minecraft:walk_one_cm":7306,"minecraft:leave_game":3,"minecraft:play_time":10151,"minecraft:sprint_one_cm":6701,"minecraft:time_since_death":912,"minecraft:deaths":1,"minecraft:total_world_time":10151,"minecraft:fall_one_cm":4196,"minecraft:fly_one_cm":12118},"minecraft:used":{"minecraft:dirt":2},"minecraft:mined":{"minecraft:grass_block":2,"minecraft:dark_oak_log":1},"minecraft:killed_by":{"minecraft:zombie":1}},"DataVersion":3465}