{"stats":{"minecraft:picked_up":{"minecraft:dark_oak_log":1,"minecraft:dirt":2},"minecraft:custom":{"minecraft:jump":92,"minecraft:time_since_rest":7143,"minecraft:leave_game":1,"minecraft:sprint_one_cm":6248,"minecraft:play_time":7143,"minecraft:damage_taken":50,"minecraft:time_since_death":7143,"minecraft:walk_one_cm":6396,"minecraft:total_world_time":7143,"minecraft:fall_one_cm":3445,"minecraft:fly_one_cm":11157},"minecraft:used":{"minecraft:dirt":2},"minecraft:mined":{"minecraft:dark_oak_log":1,"minecraft:grass_block":2}},"DataVersion":3465}