{"stats":{"minecraft:broken":{"minecraft:wooden_axe":1},"minecraft:crafted":{"minecraft:wooden_sword":1,"minecraft:oak_planks":72,"vanillaplustools:stone_hammer":3,"minecraft:crafting_table":2,"minecraft:wooden_pickaxe":1,"minecraft:iron_sword":1,"minecraft:furnace":1,"minecraft:birch_planks":128,"minecraft:stone_axe":2,"minecraft:iron_axe":1,"minecraft:stick":156,"minecraft:iron_pickaxe":1,"minecraft:stone_pickaxe":29,"minecraft:wooden_axe":2,"minecraft:stone_sword":2,"minecraft:oak_button":8,"minecraft:birch_button":2,"minecraft:dark_oak_planks":8,"minecraft:torch":72},"minecraft:custom":{"minecraft:interact_with_furnace":5,"minecraft:mob_kills":42,"minecraft:interact_with_cartography_table":2,"minecraft:interact_with_crafting_table":40,"minecraft:time_since_death":98713,"minecraft:time_since_rest":98713,"minecraft:sprint_one_cm":158142,"minecraft:damage_taken":1550,"minecraft:walk_one_cm":266597,"minecraft:drop":97,"minecraft:damage_dealt":4710,"minecraft:swim_one_cm":8274,"minecraft:fly_one_cm":260596,"minecraft:open_chest":6,"minecraft:crouch_one_cm":2872,"minecraft:play_time":98713,"minecraft:sneak_time":980,"minecraft:walk_under_water_one_cm":8639,"minecraft:interact_with_brewingstand":1,"minecraft:jump":1520,"minecraft:walk_on_water_one_cm":27826,"minecraft:total_world_time":98713,"minecraft:fall_one_cm":43013},"minecraft:killed":{"minecraft:pig":18,"minecraft:creeper":1,"minecraft:sheep":5,"minecraft:skeleton":1,"minecraft:zombie":4,"minecraft:chicken":11,"chococraft:chocobo":1},"minecraft:mined":{"minecraft:deepslate_redstone_ore":5,"minecraft:dark_oak_log":2,"minecraft:crafting_table":6,"minecraft:torch":8,"minecraft:granite":103,"minecraft:grass_block":6,"minecraft:tall_grass":7,"minecraft:cobblestone":21,"minecraft:copper_ore":32,"minecraft:lapis_ore":14,"minecraft:sugar_cane":6,"minecraft:diorite":263,"minecraft:wall_torch":8,"minecraft:redstone_ore":5,"minecraft:furnace":1,"minecraft:birch_log":32,"minecraft:iron_ore":50,"minecraft:wheat":31,"minecraft:birch_leaves":2,"minecraft:andesite":169,"minecraft:pumpkin":16,"minecraft:deepslate_lapis_ore":1,"minecraft:grass":36,"chococraft:gysahl_green":60,"minecraft:oak_log":18,"minecraft:coal_ore":114,"minecraft:deepslate_iron_ore":20,"minecraft:sunflower":4,"minecraft:gravel":2,"minecraft:dirt":7,"minecraft:cobweb":1,"minecraft:stone":2226,"minecraft:gold_ore":8,"minecraft:oak_leaves":8,"minecraft:deepslate":247},"minecraft:picked_up":{"minecraft:wooden_axe":1,"minecraft:birch_log":32,"minecraft:wheat":30,"chococraft:loverly_gysahl_green":24,"minecraft:crafting_table":5,"minecraft:chicken":11,"minecraft:andesite":269,"minecraft:oak_log":18,"minecraft:gunpowder":2,"minecraft:lapis_lazuli":64,"minecraft:string":3,"minecraft:dirt":31,"minecraft:raw_copper":143,"minecraft:wooden_sword":1,"chococraft:gysahl_green":134,"chococraft:gold_gysahl":5,"minecraft:wheat_seeds":83,"minecraft:cobbled_deepslate":61,"minecraft:raw_gold":8,"minecraft:iron_ingot":8,"minecraft:stone_pickaxe":3,"minecraft:sugar_cane":8,"minecraft:furnace":1,"minecraft:stick":52,"minecraft:raw_iron":68,"minecraft:pumpkin":14,"minecraft:torch":20,"minecraft:gravel":5,"minecraft:porkchop":34,"chococraft:gysahl_green_seeds":88,"minecraft:diorite":81,"minecraft:redstone":17,"minecraft:dark_oak_log":2,"minecraft:dark_oak_planks":1,"minecraft:rotten_flesh":3,"minecraft:stone_sword":2,"minecraft:arrow":1,"minecraft:stone_axe":3,"minecraft:granite":79,"vanillaplustools:stone_hammer":2,"minecraft:mutton":6,"minecraft:coal":130,"minecraft:white_wool":4,"minecraft:cobblestone":2030},"minecraft:used":{"minecraft:stone_sword":2,"minecraft:birch_planks":25,"minecraft:stone_pickaxe":66,"minecraft:wooden_pickaxe":38,"minecraft:iron_sword":163,"vanillaplustools:stone_hammer":352,"minecraft:torch":92,"minecraft:dirt":9,"minecraft:crafting_table":6,"minecraft:wooden_axe":103,"minecraft:iron_axe":86,"minecraft:iron_pickaxe":193,"minecraft:stone_axe":4,"minecraft:wooden_sword":23,"minecraft:cobblestone":107,"minecraft:furnace":1,"chococraft:gysahl_green":113,"minecraft:acacia_planks":4},"minecraft:dropped":{"minecraft:gravel":5,"minecraft:stone_axe":5,"chococraft:loverly_gysahl_green":10,"minecraft:stone_sword":3,"minecraft:cobbled_deepslate":57,"minecraft:raw_copper":143,"chococraft:gold_gysahl":3,"minecraft:cobblestone":1799,"minecraft:granite":79,"chococraft:gysahl_green_seeds":66,"minecraft:dirt":22,"minecraft:gunpowder":2,"minecraft:oak_button":8,"minecraft:diorite":81,"minecraft:andesite":266,"minecraft:wooden_axe":2,"vanillaplustools:stone_hammer":4,"minecraft:wooden_sword":2,"minecraft:birch_button":2,"minecraft:arrow":1,"minecraft:wooden_pickaxe":1,"minecraft:stone_pickaxe":5,"minecraft:dark_oak_planks":2,"chococraft:gysahl_green":5}},"DataVersion":3465}