{"stats":{"minecraft:picked_up":{"minecraft:birch_log":37,"minecraft:raw_iron":7,"minecraft:stick":2,"minecraft:crafting_table":1,"minecraft:andesite":13,"minecraft:acacia_log":8,"minecraft:spruce_log":8,"minecraft:lapis_lazuli":6,"minecraft:string":1,"minecraft:dirt":1,"minecraft:wheat_seeds":1,"minecraft:birch_sapling":1,"minecraft:coal":23,"minecraft:cobblestone":407},"minecraft:custom":{"minecraft:time_since_rest":12259,"minecraft:interact_with_furnace":1,"minecraft:sprint_one_cm":22553,"minecraft:damage_taken":983,"minecraft:walk_one_cm":32265,"minecraft:mob_kills":1,"minecraft:damage_dealt":368,"minecraft:swim_one_cm":10449,"minecraft:interact_with_crafting_table":6,"minecraft:fly_one_cm":17226,"minecraft:play_time":23955,"minecraft:deaths":2,"minecraft:walk_under_water_one_cm":1001,"minecraft:jump":158,"minecraft:leave_game":6,"minecraft:walk_on_water_one_cm":3027,"minecraft:time_since_death":11449,"minecraft:total_world_time":23955,"minecraft:fall_one_cm":5704},"minecraft:crafted":{"vanillaplustools:stone_hammer":1,"minecraft:crafting_table":2,"minecraft:spruce_planks":32,"minecraft:stick":28,"minecraft:wooden_pickaxe":1,"minecraft:stone_pickaxe":12,"minecraft:furnace":1,"minecraft:stone_axe":1},"minecraft:killed":{"minecraft:spider":1},"minecraft:used":{"minecraft:stone_pickaxe":43,"minecraft:wooden_pickaxe":3,"vanillaplustools:stone_hammer":48,"minecraft:stone_axe":51,"minecraft:dirt":1,"minecraft:cobblestone":7,"minecraft:crafting_table":3,"minecraft:furnace":1},"minecraft:mined":{"minecraft:tall_seagrass":3,"minecraft:acacia_leaves":1,"minecraft:iron_ore":7,"minecraft:birch_log":38,"minecraft:spruce_log":8,"minecraft:andesite":13,"minecraft:birch_leaves":1,"minecraft:crafting_table":1,"minecraft:acacia_log":8,"minecraft:coal_ore":23,"minecraft:dirt":1,"minecraft:spruce_leaves":1,"minecraft:lapis_ore":1,"minecraft:stone":403},"minecraft:killed_by":{"minecraft:player":2}},"DataVersion":3465}