{"stats":{"minecraft:picked_up":{"minecraft:birch_log":37,"minecraft:stick":2,"minecraft:crafting_table":1,"minecraft:acacia_log":8,"minecraft:spruce_log":8,"minecraft:string":1,"minecraft:dirt":1,"minecraft:wheat_seeds":1,"minecraft:birch_sapling":1,"minecraft:coal":3,"minecraft:cobblestone":234},"minecraft:custom":{"minecraft:time_since_rest":8338,"minecraft:sprint_one_cm":20698,"minecraft:damage_taken":748,"minecraft:walk_one_cm":25436,"minecraft:mob_kills":1,"minecraft:damage_dealt":358,"minecraft:swim_one_cm":1329,"minecraft:interact_with_crafting_table":5,"minecraft:fly_one_cm":15565,"minecraft:play_time":20034,"minecraft:deaths":2,"minecraft:walk_under_water_one_cm":124,"minecraft:jump":143,"minecraft:walk_on_water_one_cm":1271,"minecraft:leave_game":4,"minecraft:time_since_death":7912,"minecraft:total_world_time":20034,"minecraft:fall_one_cm":3558},"minecraft:crafted":{"vanillaplustools:stone_hammer":1,"minecraft:crafting_table":2,"minecraft:spruce_planks":32,"minecraft:stick":28,"minecraft:wooden_pickaxe":1,"minecraft:stone_pickaxe":12,"minecraft:stone_axe":1},"minecraft:killed":{"minecraft:spider":1},"minecraft:used":{"minecraft:stone_pickaxe":41,"minecraft:wooden_pickaxe":3,"vanillaplustools:stone_hammer":23,"minecraft:stone_axe":51,"minecraft:dirt":1,"minecraft:crafting_table":2},"minecraft:mined":{"minecraft:acacia_leaves":1,"minecraft:birch_log":38,"minecraft:spruce_log":8,"minecraft:birch_leaves":1,"minecraft:crafting_table":1,"minecraft:acacia_log":8,"minecraft:coal_ore":3,"minecraft:dirt":1,"minecraft:spruce_leaves":1,"minecraft:stone":234},"minecraft:killed_by":{"minecraft:player":2}},"DataVersion":3465}