{"stats":{"minecraft:crafted":{"vanillaplustools:stone_hammer":1,"minecraft:crafting_table":2,"minecraft:spruce_planks":32,"minecraft:wooden_pickaxe":1,"minecraft:furnace":1,"minecraft:cooked_salmon":2,"minecraft:birch_planks":8,"minecraft:stone_axe":1,"minecraft:air":0,"minecraft:charcoal":1,"minecraft:stick":28,"minecraft:iron_ingot":14,"minecraft:iron_pickaxe":1,"minecraft:stone_pickaxe":12,"minecraft:chest":1,"minecraft:torch":8},"minecraft:broken":{"minecraft:stone_pickaxe":1},"minecraft:custom":{"minecraft:interact_with_furnace":6,"minecraft:mob_kills":3,"minecraft:interact_with_crafting_table":8,"minecraft:leave_game":8,"minecraft:time_since_death":17,"minecraft:time_since_rest":50,"minecraft:sprint_one_cm":24219,"minecraft:damage_taken":1643,"minecraft:walk_one_cm":61270,"minecraft:drop":4,"minecraft:damage_dealt":428,"minecraft:swim_one_cm":13568,"minecraft:fly_one_cm":20321,"minecraft:open_chest":2,"minecraft:crouch_one_cm":1486,"minecraft:play_time":42605,"minecraft:deaths":3,"minecraft:sneak_time":1323,"minecraft:walk_under_water_one_cm":3566,"minecraft:jump":430,"minecraft:walk_on_water_one_cm":4582,"minecraft:total_world_time":42605,"minecraft:fall_one_cm":17043},"minecraft:killed":{"minecraft:salmon":2,"minecraft:spider":1},"minecraft:mined":{"minecraft:acacia_leaves":1,"minecraft:crafting_table":2,"minecraft:acacia_log":8,"minecraft:cobblestone":26,"minecraft:spruce_leaves":1,"minecraft:lapis_ore":8,"minecraft:wall_torch":3,"minecraft:tall_seagrass":3,"minecraft:coarse_dirt":1,"minecraft:furnace":2,"minecraft:birch_log":38,"minecraft:iron_ore":7,"minecraft:spruce_log":8,"minecraft:andesite":28,"minecraft:birch_leaves":1,"evilcraft:dark_ore":3,"minecraft:coal_ore":39,"minecraft:deepslate_iron_ore":7,"minecraft:dirt":5,"minecraft:stone":610,"minecraft:deepslate":114},"minecraft:picked_up":{"minecraft:birch_log":37,"minecraft:coarse_dirt":1,"minecraft:crafting_table":2,"minecraft:andesite":27,"minecraft:salmon":2,"minecraft:lapis_lazuli":55,"minecraft:string":1,"minecraft:dirt":5,"minecraft:wheat_seeds":1,"minecraft:cobbled_deepslate":104,"minecraft:iron_ingot":4,"minecraft:stone_pickaxe":2,"minecraft:birch_sapling":1,"minecraft:furnace":2,"minecraft:stick":5,"minecraft:raw_iron":14,"minecraft:torch":3,"minecraft:acacia_log":8,"minecraft:spruce_log":8,"evilcraft:dark_gem":13,"minecraft:coal":98,"minecraft:cobblestone":609},"minecraft:killed_by":{"minecraft:player":2},"minecraft:used":{"minecraft:stone_pickaxe":125,"minecraft:chest":1,"minecraft:wooden_pickaxe":3,"vanillaplustools:stone_hammer":79,"minecraft:cooked_salmon":1,"minecraft:torch":10,"minecraft:dirt":1,"minecraft:crafting_table":3,"minecraft:iron_pickaxe":42,"minecraft:stone_axe":54,"minecraft:cobblestone":102,"minecraft:furnace":2,"minecraft:andesite":20},"minecraft:dropped":{"minecraft:coal":19,"minecraft:stick":1,"minecraft:stone_pickaxe":2}},"DataVersion":3465}