{"stats":{"minecraft:picked_up":{"minecraft:stick":2,"minecraft:spruce_log":8,"minecraft:wheat_seeds":1,"minecraft:dirt":1},"minecraft:custom":{"minecraft:jump":25,"minecraft:time_since_rest":9610,"minecraft:leave_game":1,"minecraft:damage_dealt":124,"minecraft:sprint_one_cm":4662,"minecraft:play_time":9610,"minecraft:damage_taken":101,"minecraft:time_since_death":9610,"minecraft:walk_one_cm":5454,"minecraft:total_world_time":9610,"minecraft:fall_one_cm":404,"minecraft:fly_one_cm":2629},"minecraft:mined":{"minecraft:spruce_log":8,"minecraft:spruce_leaves":1,"minecraft:dirt":1}},"DataVersion":3465}